{
  "val_loss": [
    0.7147887349128723, 0.579354465007782, 0.5514104962348938,
    0.5020365118980408, 0.526092529296875, 0.4788873493671417,
    0.5055621862411499, 0.47638821601867676, 0.48014119267463684,
    0.460600346326828, 0.4973353445529938, 0.49102091789245605,
    0.4629257619380951, 0.449227899312973, 0.4632561504840851,
    0.520330011844635, 0.5253833532333374, 0.45009946823120117,
    0.5128093361854553, 0.4795459508895874
  ],
  "val_acc": [
    0.7602512836456299, 0.8013706207275391, 0.8116505146026611,
    0.831867516040802, 0.819074809551239, 0.836778998374939, 0.8242147564888,
    0.8382638692855835, 0.8379212021827698, 0.8436322212219238,
    0.834037721157074, 0.8423758149147034, 0.8429468870162964,
    0.8495716452598572, 0.8484294414520264, 0.8316390514373779,
    0.8304968476295471, 0.8486579060554504, 0.8322101831436157,
    0.8423758149147034
  ],
  "loss": [
    1.0300607681274414, 0.6414889693260193, 0.5579577684402466,
    0.511186420917511, 0.49057310819625854, 0.4732927680015564,
    0.4492860436439514, 0.4453757703304291, 0.4305364787578583,
    0.4210234582424164, 0.41533032059669495, 0.4052846133708954,
    0.3974217176437378, 0.40097618103027344, 0.39697691798210144,
    0.3850099444389343, 0.3873496949672699, 0.3834328353404999,
    0.382691353559494, 0.38124674558639526
  ],
  "acc": [
    0.6478308439254761, 0.7810524702072144, 0.80825275182724,
    0.8248673677444458, 0.829436719417572, 0.8353641629219055,
    0.8440966606140137, 0.8448074460029602, 0.8492879867553711,
    0.8538699746131897, 0.8547077178955078, 0.8572462201118469,
    0.86030513048172, 0.858832836151123, 0.8606351613998413, 0.8652552962303162,
    0.8632879257202148, 0.8658391237258911, 0.8662579655647278,
    0.8651918172836304
  ]
}
